fraction,n_samples,accuracy,weighted_f1
0.01,400,0.3661,0.3639871000080157
0.05,2000,0.4639,0.4610614396433094
0.1,4000,0.5013,0.49837772108464024
0.2,8000,0.5425,0.5388302144675037
0.4,16000,0.582,0.5776115525739265
0.6,24000,0.6018,0.5969569331444291
0.8,32000,0.6188,0.613714049884042
1.0,40000,0.6275,0.6217724366314438
