noise_level,accuracy,weighted_f1
0.0,0.6275,0.6217724366314438
0.02,0.5352,0.5265547826319786
0.05,0.4955,0.4872784604703301
0.1,0.4172,0.4072596700752971
0.15,0.3614,0.3534984303901645
0.2,0.3099,0.29945730089350664
0.3,0.2318,0.21763525750274407
